Designator,Val,Package,Mid X,Mid Y,Rotation,Layer
C1,100nF,C_0603_1608Metric,177.981675,-111.709,-90.0,top
C2,10uF,C_0603_1608Metric,179.861275,-111.709,-90.0,top
C3,10uF,C_0603_1608Metric,107.5474,-115.50375,90.0,top
C4,10uF,C_0603_1608Metric,114.8,-114.2,180.0,top
C5,100pF,C_0603_1608Metric,136.632842,-101.059842,90.0,top
C6,47pF,C_0603_1608Metric,114.7102,-110.6712,180.0,top
C7,100nF,C_0603_1608Metric,176.6894,-95.2818,-90.0,top
C8,10uF,C_0603_1608Metric,174.9044,-95.2818,-90.0,top
D1,B5819W,D_SOD-123,119.8997,-120.1,180.0,top
D2,BAT54S,SOT-23,133.532842,-101.829842,270.0,top
R1,1M,R_0603_1608Metric,114.7102,-112.5,180.0,top
R2,110k,R_0603_1608Metric,111.4082,-112.522,180.0,top
R3,330,R_0603_1608Metric,128.532842,-103.5812,90.0,top
R4,4.7k,R_0603_1608Metric,130.632842,-102.429842,-90.0,top
U3,TPS61040DBV,SOT-23-5,110.5954,-115.3416,90.0,top
